-- Adminer 4.8.1 MySQL 5.5.5-10.6.5-MariaDB-1:10.6.5+maria~focal dump

SET NAMES utf8;
SET time_zone = '+00:00';
SET foreign_key_checks = 0;
SET sql_mode = 'NO_AUTO_VALUE_ON_ZERO';

SET NAMES utf8mb4;

CREATE DATABASE `humber_bridge` /*!40100 DEFAULT CHARACTER SET utf8mb4 */;
USE `humber_bridge`;

DROP TABLE IF EXISTS `anomalies`;
CREATE TABLE `anomalies` (
  `id` int(11) NOT NULL AUTO_INCREMENT,
  `status` int(11) NOT NULL,
  `confidence` float NOT NULL,
  `modified_at` datetime DEFAULT NULL,
  `notes` varchar(30) DEFAULT NULL,
  `user_id` int(11) NOT NULL,
  PRIMARY KEY (`id`),
  KEY `user_id` (`user_id`),
  CONSTRAINT `anomalies_ibfk_1` FOREIGN KEY (`user_id`) REFERENCES `users` (`id`)
) ENGINE=InnoDB DEFAULT CHARSET=utf8mb4;

INSERT INTO `anomalies` (`id`, `status`, `confidence`, `modified_at`, `notes`, `user_id`) VALUES
(1,	3,	0.22852,	'2022-02-06 00:00:00',	'This is a fake anomoly.',	4),
(2,	4,	0.769477,	'2022-02-06 00:00:00',	'This is a fake anomoly.',	1),
(3,	5,	0.524313,	'2022-02-07 00:00:00',	'This is a fake anomoly.',	2),
(4,	5,	0.189057,	'2022-02-07 00:00:00',	'This is a fake anomoly.',	3),
(5,	4,	0.951406,	'2022-02-01 00:00:00',	'This is a fake anomoly.',	1),
(6,	5,	0.653975,	'2022-02-05 00:00:00',	'This is a fake anomoly.',	2),
(7,	3,	0.634688,	'2022-02-01 00:00:00',	'This is a fake anomoly.',	2),
(8,	1,	0.789101,	'2022-02-03 00:00:00',	'This is a fake anomoly.',	4),
(9,	4,	0.456994,	'2022-02-07 00:00:00',	'This is a fake anomoly.',	4),
(10,	1,	0.979378,	'2022-02-03 00:00:00',	'This is a fake anomoly.',	1);

DROP TABLE IF EXISTS `data`;
CREATE TABLE `data` (
  `time` datetime NOT NULL,
  `value` double DEFAULT NULL,
  `sensor_id` varchar(30) NOT NULL,
  `anomaly_id` int(11) DEFAULT NULL,
  PRIMARY KEY (`time`,`sensor_id`),
  KEY `sensor_id` (`sensor_id`),
  KEY `anomaly_id` (`anomaly_id`),
  CONSTRAINT `data_ibfk_1` FOREIGN KEY (`sensor_id`) REFERENCES `sensors` (`id`),
  CONSTRAINT `data_ibfk_2` FOREIGN KEY (`anomaly_id`) REFERENCES `anomalies` (`id`)
) ENGINE=InnoDB DEFAULT CHARSET=utf8mb4;

INSERT INTO `data` (`time`, `value`, `sensor_id`, `anomaly_id`) VALUES
('2012-02-24 22:30:00',	-0.7304173870081028,	'GPH000EDE',	NULL),
('2012-02-24 22:30:00',	1.403140967923468,	'GPH000EDH',	NULL),
('2012-02-24 22:30:00',	0.1773731424618546,	'GPH000EDN',	NULL),
('2012-02-24 22:30:00',	1.1e308,	'GPH000WDE',	NULL),
('2012-02-24 22:30:00',	1.1e308,	'GPH000WDH',	NULL),
('2012-02-24 22:30:00',	1.1e308,	'GPH000WDN',	NULL),
('2012-02-24 23:00:00',	-0.7339904664441321,	'GPH000EDE',	NULL),
('2012-02-24 23:00:00',	1.4059741863075252,	'GPH000EDH',	NULL),
('2012-02-24 23:00:00',	0.1799935770255133,	'GPH000EDN',	NULL),
('2012-02-24 23:00:00',	-0.7265571057460459,	'GPH000WDE',	NULL),
('2012-02-24 23:00:00',	1.3952691876750674,	'GPH000WDH',	NULL),
('2012-02-24 23:00:00',	0.1792141937114879,	'GPH000WDN',	NULL),
('2012-02-24 23:29:59',	-0.7551712709841449,	'GPH000EDE',	NULL),
('2012-02-24 23:29:59',	1.4080511235954978,	'GPH000EDH',	NULL),
('2012-02-24 23:29:59',	0.1761610300391889,	'GPH000EDN',	NULL),
('2012-02-24 23:29:59',	-0.7484667055470222,	'GPH000WDE',	NULL),
('2012-02-24 23:29:59',	1.397830078563404,	'GPH000WDH',	NULL),
('2012-02-24 23:29:59',	0.1772802579693165,	'GPH000WDN',	NULL),
('2012-02-25 00:00:00',	-0.7112716795861136,	'GPH000EDE',	NULL),
('2012-02-25 00:00:00',	1.3954194554736143,	'GPH000EDH',	NULL),
('2012-02-25 00:00:00',	0.1774726312641084,	'GPH000EDN',	NULL),
('2012-02-25 00:00:00',	-0.7028956848107102,	'GPH000WDE',	NULL),
('2012-02-25 00:00:00',	1.3844249999999962,	'GPH000WDH',	NULL),
('2012-02-25 00:00:00',	0.1775948454054139,	'GPH000WDN',	NULL),
('2012-02-25 00:30:00',	-0.6944391195922405,	'GPH000EDE',	NULL),
('2012-02-25 00:30:00',	1.394892796848609,	'GPH000EDH',	NULL),
('2012-02-25 00:30:00',	0.1764601023647378,	'GPH000EDN',	NULL),
('2012-02-25 00:30:00',	-0.6860405043859927,	'GPH000WDE',	NULL),
('2012-02-25 00:30:00',	1.384972328458928,	'GPH000WDH',	NULL),
('2012-02-25 00:30:00',	0.1775764795169322,	'GPH000WDN',	NULL),
('2012-02-25 00:59:59',	-0.7123288779323496,	'GPH000EDE',	NULL),
('2012-02-25 00:59:59',	1.406275084554688,	'GPH000EDH',	NULL),
('2012-02-25 00:59:59',	0.1798030477861782,	'GPH000EDN',	NULL),
('2012-02-25 00:59:59',	-0.7055656503231215,	'GPH000WDE',	NULL),
('2012-02-25 00:59:59',	1.3964031496062983,	'GPH000WDH',	NULL),
('2012-02-25 00:59:59',	0.1789295648862713,	'GPH000WDN',	NULL),
('2012-02-25 01:30:00',	-0.673747734692874,	'GPH000EDE',	NULL),
('2012-02-25 01:30:00',	1.3908479977439443,	'GPH000EDH',	NULL),
('2012-02-25 01:30:00',	0.1783392148534741,	'GPH000EDN',	NULL),
('2012-02-25 01:30:00',	-0.665291352025285,	'GPH000WDE',	NULL),
('2012-02-25 01:30:00',	1.3764818897637745,	'GPH000WDH',	NULL),
('2012-02-25 01:30:00',	0.1770789464746366,	'GPH000WDN',	NULL),
('2012-02-25 02:00:00',	-0.6814939692238563,	'GPH000EDE',	NULL),
('2012-02-25 02:00:00',	1.3906179487179446,	'GPH000EDH',	NULL),
('2012-02-25 02:00:00',	0.1777907843636677,	'GPH000EDN',	NULL),
('2012-02-25 02:00:00',	-0.6727413349103769,	'GPH000WDE',	NULL),
('2012-02-25 02:00:00',	1.3761075406032477,	'GPH000WDH',	NULL),
('2012-02-25 02:00:00',	0.1773021288512892,	'GPH000WDN',	NULL),
('2012-02-25 02:29:59',	-0.7537258087382,	'GPH000EDE',	NULL),
('2012-02-25 02:29:59',	1.4036533258173618,	'GPH000EDH',	NULL),
('2012-02-25 02:29:59',	0.1779891488002594,	'GPH000EDN',	NULL),
('2012-02-25 02:29:59',	-0.7461234507625105,	'GPH000WDE',	NULL),
('2012-02-25 02:29:59',	1.3948597073719702,	'GPH000WDH',	NULL),
('2012-02-25 02:29:59',	0.1780862774443598,	'GPH000WDN',	NULL),
('2012-02-25 03:00:00',	-0.7577762942200085,	'GPH000EDE',	NULL),
('2012-02-25 03:00:00',	1.4026706081081104,	'GPH000EDH',	NULL),
('2012-02-25 03:00:00',	0.1767410222556617,	'GPH000EDN',	NULL),
('2012-02-25 03:00:00',	-0.7492001823363748,	'GPH000WDE',	NULL),
('2012-02-25 03:00:00',	1.39231685393258,	'GPH000WDH',	NULL),
('2012-02-25 03:00:00',	0.1782442279296975,	'GPH000WDN',	NULL),
('2012-02-25 03:30:00',	-0.7674402820777146,	'GPH000EDE',	NULL),
('2012-02-25 03:30:00',	1.4140135287485844,	'GPH000EDH',	NULL),
('2012-02-25 03:30:00',	0.1759868947023045,	'GPH000EDN',	NULL),
('2012-02-25 03:30:00',	-0.7612669683252271,	'GPH000WDE',	NULL),
('2012-02-25 03:30:00',	1.4059577852726308,	'GPH000WDH',	NULL),
('2012-02-25 03:30:00',	0.1775014128090856,	'GPH000WDN',	NULL),
('2012-02-25 03:59:59',	-0.7250110746392843,	'GPH000EDE',	NULL),
('2012-02-25 03:59:59',	1.409843019943019,	'GPH000EDH',	NULL),
('2012-02-25 03:59:59',	0.1804974286061877,	'GPH000EDN',	NULL),
('2012-02-25 03:59:59',	-0.7157714442565914,	'GPH000WDE',	NULL),
('2012-02-25 03:59:59',	1.3979827546954964,	'GPH000WDH',	NULL),
('2012-02-25 03:59:59',	0.1790145427126804,	'GPH000WDN',	NULL),
('2012-02-25 04:30:00',	-0.6985073910001524,	'GPH000EDE',	NULL),
('2012-02-25 04:30:00',	1.3979957746478835,	'GPH000EDH',	NULL),
('2012-02-25 04:30:00',	0.1806904497721255,	'GPH000EDN',	NULL),
('2012-02-25 04:30:00',	-0.690734025000395,	'GPH000WDE',	NULL),
('2012-02-25 04:30:00',	1.385715644344396,	'GPH000WDH',	NULL),
('2012-02-25 04:30:00',	0.1809199904730775,	'GPH000WDN',	NULL),
('2012-02-25 05:00:00',	-0.6404185439108014,	'GPH000EDE',	NULL),
('2012-02-25 05:00:00',	1.3791501128668189,	'GPH000EDH',	NULL),
('2012-02-25 05:00:00',	0.1797700928182021,	'GPH000EDN',	NULL),
('2012-02-25 05:00:00',	-0.6327261438391326,	'GPH000WDE',	NULL),
('2012-02-25 05:00:00',	1.3585483925549884,	'GPH000WDH',	NULL),
('2012-02-25 05:00:00',	0.1790289142890154,	'GPH000WDN',	NULL),
('2012-02-25 05:29:59',	-0.7089246498121689,	'GPH000EDE',	NULL),
('2012-02-25 05:29:59',	1.3864959908361925,	'GPH000EDH',	NULL),
('2012-02-25 05:29:59',	0.1814083819768429,	'GPH000EDN',	NULL),
('2012-02-25 05:29:59',	-0.7019337701171195,	'GPH000WDE',	NULL),
('2012-02-25 05:29:59',	1.3747434285714255,	'GPH000WDH',	NULL),
('2012-02-25 05:29:59',	0.1810936383175901,	'GPH000WDN',	NULL),
('2012-02-25 06:00:00',	-0.7435580044725871,	'GPH000EDE',	NULL),
('2012-02-25 06:00:00',	1.377405031091011,	'GPH000EDH',	NULL),
('2012-02-25 06:00:00',	0.1770417471249221,	'GPH000EDN',	NULL),
('2012-02-25 06:00:00',	-0.7368759212984696,	'GPH000WDE',	NULL),
('2012-02-25 06:00:00',	1.365284433164121,	'GPH000WDH',	NULL),
('2012-02-25 06:00:00',	0.1787915847690268,	'GPH000WDN',	NULL),
('2012-02-25 06:30:00',	-0.7686867110498757,	'GPH000EDE',	NULL),
('2012-02-25 06:30:00',	1.3750591216216217,	'GPH000EDH',	NULL),
('2012-02-25 06:30:00',	0.1807602426420031,	'GPH000EDN',	NULL),
('2012-02-25 06:30:00',	-0.7606913933713975,	'GPH000WDE',	NULL),
('2012-02-25 06:30:00',	1.3655620573355745,	'GPH000WDH',	NULL),
('2012-02-25 06:30:00',	0.1802354720465492,	'GPH000WDN',	NULL),
('2012-02-25 06:59:59',	-0.7791913113509469,	'GPH000EDE',	NULL),
('2012-02-25 06:59:59',	1.358733543216941,	'GPH000EDH',	NULL),
('2012-02-25 06:59:59',	0.1768471154913826,	'GPH000EDN',	NULL),
('2012-02-25 06:59:59',	-0.7718524317529942,	'GPH000WDE',	NULL),
('2012-02-25 06:59:59',	1.3486871559632978,	'GPH000WDH',	NULL),
('2012-02-25 06:59:59',	0.1783240165706861,	'GPH000WDN',	NULL),
('2012-02-25 07:30:00',	-0.773600059512153,	'GPH000EDE',	NULL),
('2012-02-25 07:30:00',	1.3598430821147338,	'GPH000EDH',	NULL),
('2012-02-25 07:30:00',	0.1767743885590617,	'GPH000EDN',	NULL),
('2012-02-25 07:30:00',	-0.7652029665731825,	'GPH000WDE',	NULL),
('2012-02-25 07:30:00',	1.3498982012366454,	'GPH000WDH',	NULL),
('2012-02-25 07:30:00',	0.1765324570149733,	'GPH000WDN',	NULL),
('2012-02-25 08:00:00',	-0.7580227531176077,	'GPH000EDE',	NULL),
('2012-02-25 08:00:00',	1.350278218944979,	'GPH000EDH',	NULL),
('2012-02-25 08:00:00',	0.1790238127355237,	'GPH000EDN',	NULL),
('2012-02-25 08:00:00',	-0.7500944841191305,	'GPH000WDE',	NULL),
('2012-02-25 08:00:00',	1.3426843714609171,	'GPH000WDH',	NULL),
('2012-02-25 08:00:00',	0.1786420225817917,	'GPH000WDN',	NULL),
('2012-02-25 08:29:59',	-0.7660621781617776,	'GPH000EDE',	NULL),
('2012-02-25 08:29:59',	1.3469901519414724,	'GPH000EDH',	NULL),
('2012-02-25 08:29:59',	0.1797380675399749,	'GPH000EDN',	NULL),
('2012-02-25 08:29:59',	-0.757878857779659,	'GPH000WDE',	NULL),
('2012-02-25 08:29:59',	1.3382151038742218,	'GPH000WDH',	NULL),
('2012-02-25 08:29:59',	0.1800537695861121,	'GPH000WDN',	NULL),
('2012-02-25 09:00:00',	-0.7658807186303214,	'GPH000EDE',	NULL),
('2012-02-25 09:00:00',	1.3565157568936397,	'GPH000EDH',	NULL),
('2012-02-25 09:00:00',	0.1773492332152427,	'GPH000EDN',	6),
('2012-02-25 09:00:00',	-0.7569844756913215,	'GPH000WDE',	NULL),
('2012-02-25 09:00:00',	1.348210112359543,	'GPH000WDH',	NULL),
('2012-02-25 09:00:00',	0.1778317852935722,	'GPH000WDN',	NULL),
('2012-02-25 09:59:59',	-0.7458708100823448,	'GPH000EDE',	NULL),
('2012-02-25 09:59:59',	1.3481997167138815,	'GPH000EDH',	NULL),
('2012-02-25 09:59:59',	0.178825157578185,	'GPH000EDN',	NULL),
('2012-02-25 09:59:59',	1.1e308,	'GPH000WDE',	NULL),
('2012-02-25 09:59:59',	1.1e308,	'GPH000WDH',	NULL),
('2012-02-25 09:59:59',	1.1e308,	'GPH000WDN',	NULL),
('2012-02-25 10:30:00',	-0.7324053285695946,	'GPH000EDE',	NULL),
('2012-02-25 10:30:00',	1.3418731762065097,	'GPH000EDH',	NULL),
('2012-02-25 10:30:00',	0.1786650805177493,	'GPH000EDN',	NULL),
('2012-02-25 10:30:00',	-0.7258183973383507,	'GPH000WDE',	NULL),
('2012-02-25 10:30:00',	1.3305441951766663,	'GPH000WDH',	NULL),
('2012-02-25 10:30:00',	0.1808014845903174,	'GPH000WDN',	NULL),
('2012-02-25 11:00:00',	-0.7168252537122908,	'GPH000EDE',	NULL),
('2012-02-25 11:00:00',	1.324883230163194,	'GPH000EDH',	NULL),
('2012-02-25 11:00:00',	0.1776866769262478,	'GPH000EDN',	NULL),
('2012-02-25 11:00:00',	-0.711979336015707,	'GPH000WDE',	NULL),
('2012-02-25 11:00:00',	1.3104850509626214,	'GPH000WDH',	NULL),
('2012-02-25 11:00:00',	0.1784969382720432,	'GPH000WDN',	NULL),
('2012-02-25 11:29:59',	-0.7158001848504566,	'GPH000EDE',	NULL),
('2012-02-25 11:29:59',	1.3199378165447375,	'GPH000EDH',	NULL),
('2012-02-25 11:29:59',	0.1805174664955183,	'GPH000EDN',	NULL),
('2012-02-25 11:29:59',	-0.7103630244421799,	'GPH000WDE',	NULL),
('2012-02-25 11:29:59',	1.3070854014598488,	'GPH000WDH',	NULL),
('2012-02-25 11:29:59',	0.1801594006178957,	'GPH000WDN',	NULL),
('2012-02-25 12:00:00',	-0.7028132051655068,	'GPH000EDE',	NULL),
('2012-02-25 12:00:00',	1.2856514124293763,	'GPH000EDH',	NULL),
('2012-02-25 12:00:00',	0.1802366355519934,	'GPH000EDN',	NULL),
('2012-02-25 12:00:00',	-0.6967632564535342,	'GPH000WDE',	NULL),
('2012-02-25 12:00:00',	1.2759787366046214,	'GPH000WDH',	NULL),
('2012-02-25 12:00:00',	0.1786495846949659,	'GPH000WDN',	NULL),
('2012-02-25 12:30:00',	-0.6880480920586806,	'GPH000EDE',	NULL),
('2012-02-25 12:30:00',	1.2764061797752786,	'GPH000EDH',	NULL),
('2012-02-25 12:30:00',	0.1801919604345244,	'GPH000EDN',	NULL),
('2012-02-25 12:30:00',	-0.6835709764990548,	'GPH000WDE',	NULL),
('2012-02-25 12:30:00',	1.2614958450308775,	'GPH000WDH',	NULL),
('2012-02-25 12:30:00',	0.1819415855844103,	'GPH000WDN',	NULL),
('2012-02-25 12:59:59',	-0.7135942502847281,	'GPH000EDE',	NULL),
('2012-02-25 12:59:59',	1.251691465468836,	'GPH000EDH',	NULL),
('2012-02-25 12:59:59',	0.1844375961065471,	'GPH000EDN',	NULL),
('2012-02-25 12:59:59',	-0.7090007808660136,	'GPH000WDE',	NULL),
('2012-02-25 12:59:59',	1.2369956228956167,	'GPH000WDH',	NULL),
('2012-02-25 12:59:59',	0.1837424148227776,	'GPH000WDN',	NULL),
('2012-02-25 13:30:00',	-0.7405216576156961,	'GPH000EDE',	NULL),
('2012-02-25 13:30:00',	1.236837830241705,	'GPH000EDH',	NULL),
('2012-02-25 13:30:00',	0.1827375911720233,	'GPH000EDN',	NULL),
('2012-02-25 13:30:00',	-0.7370083973586135,	'GPH000WDE',	NULL),
('2012-02-25 13:30:00',	1.2275070746771404,	'GPH000WDH',	NULL),
('2012-02-25 13:30:00',	0.1821213874682285,	'GPH000WDN',	NULL),
('2012-02-25 14:00:00',	-0.7255271760901819,	'GPH000EDE',	NULL),
('2012-02-25 14:00:00',	1.2238903954802256,	'GPH000EDH',	NULL),
('2012-02-25 14:00:00',	0.1805578040310479,	'GPH000EDN',	NULL),
('2012-02-25 14:00:00',	-0.7216198363427258,	'GPH000WDE',	NULL),
('2012-02-25 14:00:00',	1.2116453010692114,	'GPH000WDH',	NULL),
('2012-02-25 14:00:00',	0.1803625609599965,	'GPH000WDN',	NULL),
('2012-02-25 14:29:59',	-0.7321019249330722,	'GPH000EDE',	NULL),
('2012-02-25 14:29:59',	1.214165176076018,	'GPH000EDH',	NULL),
('2012-02-25 14:29:59',	0.1843366027627599,	'GPH000EDN',	NULL),
('2012-02-25 14:29:59',	-0.7303219616041738,	'GPH000WDE',	NULL),
('2012-02-25 14:29:59',	1.2027621998883251,	'GPH000WDH',	10),
('2012-02-25 14:29:59',	0.1843014727624601,	'GPH000WDN',	NULL),
('2012-02-25 15:00:00',	-0.7679672758506861,	'GPH000EDE',	7),
('2012-02-25 15:00:00',	1.2010651930609944,	'GPH000EDH',	NULL),
('2012-02-25 15:00:00',	0.1847542944875733,	'GPH000EDN',	NULL),
('2012-02-25 15:00:00',	-0.7643026690556726,	'GPH000WDE',	NULL),
('2012-02-25 15:00:00',	1.1890183901620943,	'GPH000WDH',	2),
('2012-02-25 15:00:00',	0.1856750766446276,	'GPH000WDN',	NULL),
('2012-02-25 15:30:00',	-0.7773700108712289,	'GPH000EDE',	NULL),
('2012-02-25 15:30:00',	1.1847417274256862,	'GPH000EDH',	NULL),
('2012-02-25 15:30:00',	0.1841788917533266,	'GPH000EDN',	NULL),
('2012-02-25 15:30:00',	-0.7743494768458802,	'GPH000WDE',	NULL),
('2012-02-25 15:30:00',	1.1679812324929963,	'GPH000WDH',	NULL),
('2012-02-25 15:30:00',	0.1847670396100572,	'GPH000WDN',	NULL),
('2012-02-25 15:59:59',	-0.7935108919458281,	'GPH000EDE',	NULL),
('2012-02-25 15:59:59',	1.1784960317460291,	'GPH000EDH',	NULL),
('2012-02-25 15:59:59',	0.183604258740544,	'GPH000EDN',	NULL),
('2012-02-25 15:59:59',	-0.7888350850664244,	'GPH000WDE',	NULL),
('2012-02-25 15:59:59',	1.170482618510154,	'GPH000WDH',	NULL),
('2012-02-25 15:59:59',	0.184479540065923,	'GPH000WDN',	NULL),
('2012-02-25 16:30:00',	-0.7960913292871128,	'GPH000EDE',	NULL),
('2012-02-25 16:30:00',	1.170332864378165,	'GPH000EDH',	NULL),
('2012-02-25 16:30:00',	0.1839379473518469,	'GPH000EDN',	NULL),
('2012-02-25 16:30:00',	-0.7924538698932999,	'GPH000WDE',	NULL),
('2012-02-25 16:30:00',	1.1603636312535095,	'GPH000WDH',	NULL),
('2012-02-25 16:30:00',	0.1839416157503627,	'GPH000WDN',	NULL),
('2012-02-25 17:00:00',	-0.7823894641339281,	'GPH000EDE',	NULL),
('2012-02-25 17:00:00',	1.1745562746201437,	'GPH000EDH',	NULL),
('2012-02-25 17:00:00',	0.1822999044099136,	'GPH000EDN',	NULL),
('2012-02-25 17:00:00',	-0.7778965136007912,	'GPH000WDE',	NULL),
('2012-02-25 17:00:00',	1.162066797974108,	'GPH000WDH',	NULL),
('2012-02-25 17:00:00',	0.1815610499951883,	'GPH000WDN',	NULL),
('2012-02-25 17:29:59',	-0.7606755358734274,	'GPH000EDE',	NULL),
('2012-02-25 17:29:59',	1.186519707207205,	'GPH000EDH',	NULL),
('2012-02-25 17:29:59',	0.1827933576394361,	'GPH000EDN',	NULL),
('2012-02-25 17:29:59',	-0.757460287860975,	'GPH000WDE',	NULL),
('2012-02-25 17:29:59',	1.1701838020247446,	'GPH000WDH',	NULL),
('2012-02-25 17:29:59',	0.1834504581708334,	'GPH000WDN',	NULL),
('2012-02-25 18:00:00',	-0.753714533201778,	'GPH000EDE',	NULL),
('2012-02-25 18:00:00',	1.1884598870056495,	'GPH000EDH',	NULL),
('2012-02-25 18:00:00',	0.183804289219771,	'GPH000EDN',	NULL),
('2012-02-25 18:00:00',	-0.7498550629906267,	'GPH000WDE',	NULL),
('2012-02-25 18:00:00',	1.175278692220964,	'GPH000WDH',	NULL),
('2012-02-25 18:00:00',	0.1835928803961634,	'GPH000WDN',	NULL),
('2012-02-25 18:30:00',	-0.7630573660980788,	'GPH000EDE',	NULL),
('2012-02-25 18:30:00',	1.2150112233445514,	'GPH000EDH',	NULL),
('2012-02-25 18:30:00',	0.1838011354417354,	'GPH000EDN',	NULL),
('2012-02-25 18:30:00',	-0.7577832938429683,	'GPH000WDE',	NULL),
('2012-02-25 18:30:00',	1.2041850587576908,	'GPH000WDH',	NULL),
('2012-02-25 18:30:00',	0.1840413082699197,	'GPH000WDN',	NULL),
('2012-02-25 18:59:59',	-0.7699651479678826,	'GPH000EDE',	NULL),
('2012-02-25 18:59:59',	1.2325472175379402,	'GPH000EDH',	NULL),
('2012-02-25 18:59:59',	0.1886112923736854,	'GPH000EDN',	NULL),
('2012-02-25 18:59:59',	-0.7642367733673233,	'GPH000WDE',	NULL),
('2012-02-25 18:59:59',	1.220111797752802,	'GPH000WDH',	NULL),
('2012-02-25 18:59:59',	0.1881750570807575,	'GPH000WDN',	NULL),
('2012-02-25 19:30:00',	-0.7136340996726644,	'GPH000EDE',	NULL),
('2012-02-25 19:30:00',	1.2307776840921838,	'GPH000EDH',	NULL),
('2012-02-25 19:30:00',	0.1877295227746059,	'GPH000EDN',	NULL),
('2012-02-25 19:30:00',	-0.7083668947630609,	'GPH000WDE',	NULL),
('2012-02-25 19:30:00',	1.2165649467190072,	'GPH000WDH',	NULL),
('2012-02-25 19:30:00',	0.1869189223403395,	'GPH000WDN',	NULL),
('2012-02-25 20:00:00',	-0.7618072488190955,	'GPH000EDE',	NULL),
('2012-02-25 20:00:00',	1.252468891402718,	'GPH000EDH',	NULL),
('2012-02-25 20:00:00',	0.1818784964836203,	'GPH000EDN',	NULL),
('2012-02-25 20:00:00',	-0.7563701123680071,	'GPH000WDE',	NULL),
('2012-02-25 20:00:00',	1.2434072562358247,	'GPH000WDH',	NULL),
('2012-02-25 20:00:00',	0.1823729568914909,	'GPH000WDN',	NULL),
('2012-02-25 20:29:59',	-0.7859156346015334,	'GPH000EDE',	NULL),
('2012-02-25 20:29:59',	1.2657996065205177,	'GPH000EDH',	NULL),
('2012-02-25 20:29:59',	0.1792413826721844,	'GPH000EDN',	8),
('2012-02-25 20:29:59',	-0.7794699842775333,	'GPH000WDE',	NULL),
('2012-02-25 20:29:59',	1.2572128579449702,	'GPH000WDH',	NULL),
('2012-02-25 20:29:59',	0.1803332647646982,	'GPH000WDN',	NULL),
('2012-02-25 21:00:00',	-0.7462683325385137,	'GPH000EDE',	NULL),
('2012-02-25 21:00:00',	1.2624358108108094,	'GPH000EDH',	NULL),
('2012-02-25 21:00:00',	0.1827680768802745,	'GPH000EDN',	NULL),
('2012-02-25 21:00:00',	-0.7405749419099643,	'GPH000WDE',	NULL),
('2012-02-25 21:00:00',	1.2522835585585534,	'GPH000WDH',	NULL),
('2012-02-25 21:00:00',	0.1836569768450727,	'GPH000WDN',	NULL),
('2012-02-25 21:30:00',	-0.7191260515568622,	'GPH000EDE',	NULL),
('2012-02-25 21:30:00',	1.2655527201345975,	'GPH000EDH',	NULL),
('2012-02-25 21:30:00',	0.1845451679744931,	'GPH000EDN',	NULL),
('2012-02-25 21:30:00',	-0.7128436854428453,	'GPH000WDE',	NULL),
('2012-02-25 21:30:00',	1.250991194615811,	'GPH000WDH',	5),
('2012-02-25 21:30:00',	0.1837691546748726,	'GPH000WDN',	NULL),
('2012-02-25 21:59:59',	-0.7591966555937829,	'GPH000EDE',	NULL),
('2012-02-25 21:59:59',	1.2832433578292826,	'GPH000EDH',	NULL),
('2012-02-25 21:59:59',	0.1810085953153715,	'GPH000EDN',	NULL),
('2012-02-25 21:59:59',	-0.7526249132443968,	'GPH000WDE',	NULL),
('2012-02-25 21:59:59',	1.2722012443438848,	'GPH000WDH',	NULL),
('2012-02-25 21:59:59',	0.1816018082981249,	'GPH000WDN',	NULL),
('2012-02-25 22:30:00',	-0.7784601893636276,	'GPH000EDE',	NULL),
('2012-02-25 22:30:00',	1.2961642294713085,	'GPH000EDH',	NULL),
('2012-02-25 22:30:00',	0.1795047681291075,	'GPH000EDN',	NULL),
('2012-02-25 22:30:00',	-0.7703249474943668,	'GPH000WDE',	NULL),
('2012-02-25 22:30:00',	1.2841758853288323,	'GPH000WDH',	NULL),
('2012-02-25 22:30:00',	0.1802154484430405,	'GPH000WDN',	NULL),
('2012-02-25 23:00:00',	-0.7871043042895921,	'GPH000EDE',	NULL),
('2012-02-25 23:00:00',	1.3068048368953895,	'GPH000EDH',	NULL),
('2012-02-25 23:00:00',	0.1827544895055237,	'GPH000EDN',	NULL),
('2012-02-25 23:00:00',	-0.7795179948557107,	'GPH000WDE',	NULL),
('2012-02-25 23:00:00',	1.2979921348314585,	'GPH000WDH',	NULL),
('2012-02-25 23:00:00',	0.1817887116132438,	'GPH000WDN',	NULL),
('2012-02-25 23:29:59',	-0.7829891351037892,	'GPH000EDE',	NULL),
('2012-02-25 23:29:59',	1.317533220720712,	'GPH000EDH',	NULL),
('2012-02-25 23:29:59',	0.1805207023685122,	'GPH000EDN',	NULL),
('2012-02-25 23:29:59',	-0.7756094961433058,	'GPH000WDE',	NULL),
('2012-02-25 23:29:59',	1.3069790776152956,	'GPH000WDH',	NULL),
('2012-02-25 23:29:59',	0.1812716641460394,	'GPH000WDN',	NULL),
('2012-02-26 00:00:00',	-0.7454397275685495,	'GPH000EDE',	NULL),
('2012-02-26 00:00:00',	1.316241242937852,	'GPH000EDH',	NULL),
('2012-02-26 00:00:00',	0.1838125699898814,	'GPH000EDN',	NULL),
('2012-02-26 00:00:00',	-0.7374933511663561,	'GPH000WDE',	NULL),
('2012-02-26 00:00:00',	1.307061625282161,	'GPH000WDH',	NULL),
('2012-02-26 00:00:00',	0.1841921339356745,	'GPH000WDN',	NULL),
('2012-02-26 00:30:00',	-0.7700726742410136,	'GPH000EDE',	NULL),
('2012-02-26 00:30:00',	1.3290674157303255,	'GPH000EDH',	NULL),
('2012-02-26 00:30:00',	0.1828348448943472,	'GPH000EDN',	NULL),
('2012-02-26 00:30:00',	-0.7613813741453723,	'GPH000WDE',	NULL),
('2012-02-26 00:30:00',	1.3220825744800375,	'GPH000WDH',	NULL),
('2012-02-26 00:30:00',	0.1836874617120689,	'GPH000WDN',	NULL),
('2012-02-26 00:59:59',	-0.801745989362063,	'GPH000EDE',	NULL),
('2012-02-26 00:59:59',	1.347672024816694,	'GPH000EDH',	NULL),
('2012-02-26 00:59:59',	0.1821333478357106,	'GPH000EDN',	NULL),
('2012-02-26 00:59:59',	-0.7944060151293442,	'GPH000WDE',	NULL),
('2012-02-26 00:59:59',	1.339783380281689,	'GPH000WDH',	NULL),
('2012-02-26 00:59:59',	0.1806078401646037,	'GPH000WDN',	9),
('2012-02-26 01:30:00',	-0.7595999590276199,	'GPH000EDE',	NULL),
('2012-02-26 01:30:00',	1.3482745208568196,	'GPH000EDH',	NULL),
('2012-02-26 01:30:00',	0.1821827442997609,	'GPH000EDN',	NULL),
('2012-02-26 01:30:00',	-0.7508531185314646,	'GPH000WDE',	NULL),
('2012-02-26 01:30:00',	1.3405109050028032,	'GPH000WDH',	NULL),
('2012-02-26 01:30:00',	0.1811877414772819,	'GPH000WDN',	NULL),
('2012-02-26 02:29:59',	-0.7446415297099199,	'GPH000EDE',	NULL),
('2012-02-26 02:29:59',	1.3437511235955,	'GPH000EDH',	NULL),
('2012-02-26 02:29:59',	0.1840898919013712,	'GPH000EDN',	NULL),
('2012-02-26 02:29:59',	-0.7369778747854799,	'GPH000WDE',	NULL),
('2012-02-26 02:29:59',	1.333676080853447,	'GPH000WDH',	NULL),
('2012-02-26 02:29:59',	0.1835820957324291,	'GPH000WDN',	NULL),
('2012-02-26 03:00:00',	-0.7326388983620259,	'GPH000EDE',	NULL),
('2012-02-26 03:00:00',	1.3491595505617988,	'GPH000EDH',	NULL),
('2012-02-26 03:00:00',	0.1811374410306577,	'GPH000EDN',	NULL),
('2012-02-26 03:00:00',	-0.7238894117810131,	'GPH000WDE',	NULL),
('2012-02-26 03:00:00',	1.3381970274817647,	'GPH000WDH',	NULL),
('2012-02-26 03:00:00',	0.182241824397037,	'GPH000WDN',	NULL),
('2012-02-26 03:30:00',	-0.7120645713839278,	'GPH000EDE',	NULL),
('2012-02-26 03:30:00',	1.3484043869516191,	'GPH000EDH',	NULL),
('2012-02-26 03:30:00',	0.1845133857222649,	'GPH000EDN',	NULL),
('2012-02-26 03:30:00',	-0.7049128680836623,	'GPH000WDE',	NULL),
('2012-02-26 03:30:00',	1.3383394840157,	'GPH000WDH',	NULL),
('2012-02-26 03:30:00',	0.1846488420073205,	'GPH000WDN',	NULL),
('2012-02-26 03:59:59',	-0.725729233841619,	'GPH000EDE',	NULL),
('2012-02-26 03:59:59',	1.3516407491486926,	'GPH000EDH',	NULL),
('2012-02-26 03:59:59',	0.1869221569281436,	'GPH000EDN',	NULL),
('2012-02-26 03:59:59',	-0.7174821413061986,	'GPH000WDE',	NULL),
('2012-02-26 03:59:59',	1.3389436944937796,	'GPH000WDH',	NULL),
('2012-02-26 03:59:59',	0.1851345313654567,	'GPH000WDN',	NULL),
('2012-02-26 04:30:00',	-0.7547961569526702,	'GPH000EDE',	NULL),
('2012-02-26 04:30:00',	1.351398591549298,	'GPH000EDH',	NULL),
('2012-02-26 04:30:00',	0.1833754811809107,	'GPH000EDN',	NULL),
('2012-02-26 04:30:00',	-0.7476876778647031,	'GPH000WDE',	NULL),
('2012-02-26 04:30:00',	1.3416830050647106,	'GPH000WDH',	NULL),
('2012-02-26 04:30:00',	0.1823103797261597,	'GPH000WDN',	NULL),
('2012-02-26 05:00:00',	-0.7803256014255927,	'GPH000EDE',	NULL),
('2012-02-26 05:00:00',	1.353595559302977,	'GPH000EDH',	NULL),
('2012-02-26 05:00:00',	0.1803587427137579,	'GPH000EDN',	NULL),
('2012-02-26 05:00:00',	-0.7727301949558842,	'GPH000WDE',	NULL),
('2012-02-26 05:00:00',	1.3417604938271517,	'GPH000WDH',	NULL),
('2012-02-26 05:00:00',	0.1796074173981579,	'GPH000WDN',	4),
('2012-02-26 05:29:59',	-0.7613717036397362,	'GPH000EDE',	NULL),
('2012-02-26 05:29:59',	1.348118028169011,	'GPH000EDH',	NULL),
('2012-02-26 05:29:59',	0.1811665599415933,	'GPH000EDN',	NULL),
('2012-02-26 05:29:59',	-0.7542615437990943,	'GPH000WDE',	NULL),
('2012-02-26 05:29:59',	1.3388976457399016,	'GPH000WDH',	NULL),
('2012-02-26 05:29:59',	0.1803325422132467,	'GPH000WDN',	NULL),
('2012-02-26 06:00:00',	-0.7657003021059309,	'GPH000EDE',	NULL),
('2012-02-26 06:00:00',	1.3452340124504758,	'GPH000EDH',	NULL),
('2012-02-26 06:00:00',	0.1788638274961906,	'GPH000EDN',	NULL),
('2012-02-26 06:00:00',	-0.7589177266600916,	'GPH000WDE',	NULL),
('2012-02-26 06:00:00',	1.3313737020315974,	'GPH000WDH',	NULL),
('2012-02-26 06:00:00',	0.1784750024001705,	'GPH000WDN',	NULL),
('2012-02-26 06:30:00',	-0.7549969226802936,	'GPH000EDE',	NULL),
('2012-02-26 06:30:00',	1.3366330713082504,	'GPH000EDH',	NULL),
('2012-02-26 06:30:00',	0.1833486798858634,	'GPH000EDN',	NULL),
('2012-02-26 06:30:00',	-0.7473716103148171,	'GPH000WDE',	NULL),
('2012-02-26 06:30:00',	1.3273763452914773,	'GPH000WDH',	NULL),
('2012-02-26 06:30:00',	0.1824805050883807,	'GPH000WDN',	NULL),
('2012-02-26 06:59:59',	-0.7529545775257953,	'GPH000EDE',	NULL),
('2012-02-26 06:59:59',	1.3346336717428051,	'GPH000EDH',	NULL),
('2012-02-26 06:59:59',	0.1781001064233295,	'GPH000EDN',	NULL),
('2012-02-26 06:59:59',	-0.7454111943815719,	'GPH000WDE',	NULL),
('2012-02-26 06:59:59',	1.3245698591549244,	'GPH000WDH',	NULL),
('2012-02-26 06:59:59',	0.1784500314838511,	'GPH000WDN',	NULL),
('2012-02-26 07:30:00',	-0.7263780283983882,	'GPH000EDE',	NULL),
('2012-02-26 07:30:00',	1.317497184684682,	'GPH000EDH',	NULL),
('2012-02-26 07:30:00',	0.1796698277460285,	'GPH000EDN',	NULL),
('2012-02-26 07:30:00',	-0.7184671596926904,	'GPH000WDE',	NULL),
('2012-02-26 07:30:00',	1.3080786156443396,	'GPH000WDH',	NULL),
('2012-02-26 07:30:00',	0.1785329309923295,	'GPH000WDN',	NULL),
('2012-02-26 08:00:00',	-0.717723621111109,	'GPH000EDE',	NULL),
('2012-02-26 08:00:00',	1.3140296777840543,	'GPH000EDH',	NULL),
('2012-02-26 08:00:00',	0.179587586204007,	'GPH000EDN',	NULL),
('2012-02-26 08:00:00',	-0.7101027308085788,	'GPH000WDE',	NULL),
('2012-02-26 08:00:00',	1.2996369847543714,	'GPH000WDH',	NULL),
('2012-02-26 08:00:00',	0.1796849514009268,	'GPH000WDN',	NULL),
('2012-02-26 08:29:59',	-0.7094796534713691,	'GPH000EDE',	NULL),
('2012-02-26 08:29:59',	1.3114291338582662,	'GPH000EDH',	NULL),
('2012-02-26 08:29:59',	0.1851461542288645,	'GPH000EDN',	NULL),
('2012-02-26 08:29:59',	-0.700639705096115,	'GPH000WDE',	NULL),
('2012-02-26 08:29:59',	1.302547442383358,	'GPH000WDH',	NULL),
('2012-02-26 08:29:59',	0.1840531014465935,	'GPH000WDN',	3),
('2012-02-26 09:00:00',	-0.7237353931816076,	'GPH000EDE',	NULL),
('2012-02-26 09:00:00',	1.31371641371557,	'GPH000EDH',	NULL),
('2012-02-26 09:00:00',	0.181092108021358,	'GPH000EDN',	NULL),
('2012-02-26 09:00:00',	-0.7158288568203951,	'GPH000WDE',	NULL),
('2012-02-26 09:00:00',	1.3018810218978063,	'GPH000WDH',	NULL),
('2012-02-26 09:00:00',	0.1803831633901361,	'GPH000WDN',	NULL),
('2012-02-26 09:30:00',	-0.7303324799367329,	'GPH000EDE',	NULL),
('2012-02-26 09:30:00',	1.3096593468468396,	'GPH000EDH',	NULL),
('2012-02-26 09:30:00',	0.1790605827019538,	'GPH000EDN',	NULL),
('2012-02-26 09:30:00',	-0.7242050604297238,	'GPH000WDE',	NULL),
('2012-02-26 09:30:00',	1.295739279684856,	'GPH000WDH',	NULL),
('2012-02-26 09:30:00',	0.1779650608721211,	'GPH000WDN',	NULL),
('2012-02-26 09:59:59',	-0.6691480562236406,	'GPH000EDE',	NULL),
('2012-02-26 09:59:59',	1.289115732880589,	'GPH000EDH',	NULL),
('2012-02-26 09:59:59',	0.1852176745085948,	'GPH000EDN',	NULL),
('2012-02-26 09:59:59',	-0.6645174155416156,	'GPH000WDE',	NULL),
('2012-02-26 09:59:59',	1.2790615163698984,	'GPH000WDH',	NULL),
('2012-02-26 09:59:59',	0.1849604631260752,	'GPH000WDN',	NULL),
('2012-02-26 10:30:00',	-0.6510262375987503,	'GPH000EDE',	NULL),
('2012-02-26 10:30:00',	1.2693325842696614,	'GPH000EDH',	NULL),
('2012-02-26 10:30:00',	0.182610435306991,	'GPH000EDN',	NULL),
('2012-02-26 10:30:00',	-0.6463698299611306,	'GPH000WDE',	NULL),
('2012-02-26 10:30:00',	1.2541274663677084,	'GPH000WDH',	NULL),
('2012-02-26 10:30:00',	0.1841311522328631,	'GPH000WDN',	NULL),
('2012-02-26 11:00:00',	-0.654009417839757,	'GPH000EDE',	NULL),
('2012-02-26 11:00:00',	1.2454601794727955,	'GPH000EDH',	NULL),
('2012-02-26 11:00:00',	0.1810587799855874,	'GPH000EDN',	NULL),
('2012-02-26 11:00:00',	-0.6507088929138182,	'GPH000WDE',	NULL),
('2012-02-26 11:00:00',	1.2294325867861111,	'GPH000WDH',	NULL),
('2012-02-26 11:00:00',	0.1806011482506798,	'GPH000WDN',	NULL),
('2012-02-26 11:29:59',	-0.6385450505189566,	'GPH000EDE',	NULL),
('2012-02-26 11:29:59',	1.2277456631225478,	'GPH000EDH',	NULL),
('2012-02-26 11:29:59',	0.1830820200827274,	'GPH000EDN',	NULL),
('2012-02-26 11:29:59',	-0.6337875769248926,	'GPH000WDE',	NULL),
('2012-02-26 11:29:59',	1.2172400669642809,	'GPH000WDH',	NULL),
('2012-02-26 11:29:59',	0.1826939096421896,	'GPH000WDN',	NULL),
('2012-02-26 12:00:00',	-0.6703945700899633,	'GPH000EDE',	NULL),
('2012-02-26 12:00:00',	1.2289146067415726,	'GPH000EDH',	NULL),
('2012-02-26 12:00:00',	0.1824208388807063,	'GPH000EDN',	NULL),
('2012-02-26 12:00:00',	-0.6647575422091029,	'GPH000WDE',	NULL),
('2012-02-26 12:00:00',	1.2175224719101057,	'GPH000WDH',	NULL),
('2012-02-26 12:00:00',	0.1809877996460127,	'GPH000WDN',	NULL),
('2012-02-26 12:30:00',	-0.6951819508088778,	'GPH000EDE',	NULL),
('2012-02-26 12:30:00',	1.2395606400898305,	'GPH000EDH',	NULL),
('2012-02-26 12:30:00',	0.1821389233972598,	'GPH000EDN',	NULL),
('2012-02-26 12:30:00',	-0.6906567970475078,	'GPH000WDE',	NULL),
('2012-02-26 12:30:00',	1.2252751824817447,	'GPH000WDH',	NULL),
('2012-02-26 12:30:00',	0.1839614923249554,	'GPH000WDN',	NULL),
('2012-02-26 12:59:59',	-0.6650881149031531,	'GPH000EDE',	1),
('2012-02-26 12:59:59',	1.227212112676055,	'GPH000EDH',	NULL),
('2012-02-26 12:59:59',	0.1842965532209209,	'GPH000EDN',	NULL),
('2012-02-26 12:59:59',	-0.6595297720175497,	'GPH000WDE',	NULL),
('2012-02-26 12:59:59',	1.210733652222842,	'GPH000WDH',	NULL),
('2012-02-26 12:59:59',	0.1829282609108092,	'GPH000WDN',	NULL),
('2012-02-26 13:30:00',	-0.6695359644669063,	'GPH000EDE',	NULL),
('2012-02-26 13:30:00',	1.2154565952649343,	'GPH000EDH',	NULL),
('2012-02-26 13:30:00',	0.1840976710603489,	'GPH000EDN',	NULL),
('2012-02-26 13:30:00',	-0.6645319273588226,	'GPH000WDE',	NULL),
('2012-02-26 13:30:00',	1.2050538288288233,	'GPH000WDH',	NULL),
('2012-02-26 13:30:00',	0.1839013225874397,	'GPH000WDN',	NULL),
('2012-02-26 14:00:00',	-0.6741601346724927,	'GPH000EDE',	NULL),
('2012-02-26 14:00:00',	1.2084597961494896,	'GPH000EDH',	NULL),
('2012-02-26 14:00:00',	0.1827635655629435,	'GPH000EDN',	NULL),
('2012-02-26 14:00:00',	-0.6687914617703145,	'GPH000WDE',	NULL),
('2012-02-26 14:00:00',	1.1935248587570568,	'GPH000WDH',	NULL),
('2012-02-26 14:00:00',	0.1833502087389463,	'GPH000WDN',	NULL),
('2012-02-26 14:29:59',	-0.6220292419374542,	'GPH000EDE',	NULL),
('2012-02-26 14:29:59',	1.196633146067414,	'GPH000EDH',	NULL),
('2012-02-26 14:29:59',	0.1879153827873806,	'GPH000EDN',	NULL),
('2012-02-26 14:29:59',	-0.6185779408170203,	'GPH000WDE',	NULL),
('2012-02-26 14:29:59',	1.1794646067415655,	'GPH000WDH',	NULL),
('2012-02-26 14:29:59',	0.189159728526162,	'GPH000WDN',	NULL),
('2012-02-26 15:00:00',	-0.6876457997667786,	'GPH000EDE',	NULL),
('2012-02-26 15:00:00',	1.2096771653543277,	'GPH000EDH',	NULL),
('2012-02-26 15:00:00',	0.1838343908313702,	'GPH000EDN',	NULL),
('2012-02-26 15:00:00',	-0.6821793346771116,	'GPH000WDE',	NULL),
('2012-02-26 15:00:00',	1.1974239752947748,	'GPH000WDH',	NULL),
('2012-02-26 15:00:00',	0.1839118020163206,	'GPH000WDN',	NULL),
('2012-02-26 15:30:00',	-0.7401286186933871,	'GPH000EDE',	NULL),
('2012-02-26 15:30:00',	1.2141929577464767,	'GPH000EDH',	NULL),
('2012-02-26 15:30:00',	0.1824461517887004,	'GPH000EDN',	NULL),
('2012-02-26 15:30:00',	-0.7356618598126117,	'GPH000WDE',	NULL),
('2012-02-26 15:30:00',	1.199950872256608,	'GPH000WDH',	NULL),
('2012-02-26 15:30:00',	0.1833466201178064,	'GPH000WDN',	NULL),
('2012-02-26 15:59:59',	-0.7322559725777239,	'GPH000EDE',	NULL),
('2012-02-26 15:59:59',	1.2054739229024911,	'GPH000EDH',	NULL),
('2012-02-26 15:59:59',	0.1831208674171364,	'GPH000EDN',	NULL),
('2012-02-26 15:59:59',	-0.7253492011913425,	'GPH000WDE',	NULL),
('2012-02-26 15:59:59',	1.196263184641439,	'GPH000WDH',	NULL),
('2012-02-26 15:59:59',	0.1827170437683216,	'GPH000WDN',	NULL),
('2012-02-26 16:30:00',	-0.718061631117264,	'GPH000EDE',	NULL),
('2012-02-26 16:30:00',	1.207089627959411,	'GPH000EDH',	NULL),
('2012-02-26 16:30:00',	0.1832880889714821,	'GPH000EDN',	NULL),
('2012-02-26 16:30:00',	-0.7131887927940083,	'GPH000WDE',	NULL),
('2012-02-26 16:30:00',	1.198128716216207,	'GPH000WDH',	NULL),
('2012-02-26 16:30:00',	0.1843617037150834,	'GPH000WDN',	NULL),
('2012-02-26 17:00:00',	-0.751292073955,	'GPH000EDE',	NULL),
('2012-02-26 17:00:00',	1.206801854974699,	'GPH000EDH',	NULL),
('2012-02-26 17:00:00',	0.1825682246746084,	'GPH000EDN',	NULL),
('2012-02-26 17:00:00',	-0.7460518284931189,	'GPH000WDE',	NULL),
('2012-02-26 17:00:00',	1.1903119168071912,	'GPH000WDH',	NULL),
('2012-02-26 17:00:00',	0.1814461713990376,	'GPH000WDN',	NULL),
('2012-02-26 17:29:59',	-0.7398127377230915,	'GPH000EDE',	NULL),
('2012-02-26 17:29:59',	1.2270751964085258,	'GPH000EDH',	NULL),
('2012-02-26 17:29:59',	0.1816046393376606,	'GPH000EDN',	NULL),
('2012-02-26 17:29:59',	-0.7360450426307629,	'GPH000WDE',	NULL),
('2012-02-26 17:29:59',	1.2152109865470806,	'GPH000WDH',	NULL),
('2012-02-26 17:29:59',	0.1819040473747837,	'GPH000WDN',	NULL),
('2012-02-26 18:00:00',	-0.7226673242556114,	'GPH000EDE',	NULL),
('2012-02-26 18:00:00',	1.2258331451157511,	'GPH000EDH',	NULL),
('2012-02-26 18:00:00',	0.1836540945687641,	'GPH000EDN',	NULL),
('2012-02-26 18:00:00',	-0.7177379686051304,	'GPH000WDE',	NULL),
('2012-02-26 18:00:00',	1.2146985360360285,	'GPH000WDH',	NULL),
('2012-02-26 18:00:00',	0.1836573947576299,	'GPH000WDN',	NULL),
('2012-02-26 18:30:00',	-0.7571421579739726,	'GPH000EDE',	NULL),
('2012-02-26 18:30:00',	1.244893359594822,	'GPH000EDH',	NULL),
('2012-02-26 18:30:00',	0.1817995856430081,	'GPH000EDN',	NULL),
('2012-02-26 18:30:00',	-0.7521032393813107,	'GPH000WDE',	NULL),
('2012-02-26 18:30:00',	1.2349403597526631,	'GPH000WDH',	NULL),
('2012-02-26 18:30:00',	0.1813934008271391,	'GPH000WDN',	NULL),
('2012-02-26 18:59:59',	-0.7654465906394773,	'GPH000EDE',	NULL),
('2012-02-26 18:59:59',	1.2490877390326207,	'GPH000EDH',	NULL),
('2012-02-26 18:59:59',	0.1802273805984246,	'GPH000EDN',	NULL),
('2012-02-26 18:59:59',	-0.7599416921867594,	'GPH000WDE',	NULL),
('2012-02-26 18:59:59',	1.23819448818897,	'GPH000WDH',	NULL),
('2012-02-26 18:59:59',	0.1793790976802736,	'GPH000WDN',	NULL),
('2012-02-26 19:30:00',	-0.7694269501662843,	'GPH000EDE',	NULL),
('2012-02-26 19:30:00',	1.260699774266368,	'GPH000EDH',	NULL),
('2012-02-26 19:30:00',	0.1804422777361657,	'GPH000EDN',	NULL),
('2012-02-26 19:30:00',	-0.7648146439551002,	'GPH000WDE',	NULL),
('2012-02-26 19:30:00',	1.2512814084506958,	'GPH000WDH',	NULL),
('2012-02-26 19:30:00',	0.1796652361147526,	'GPH000WDN',	NULL),
('2012-02-26 20:00:00',	-0.7807863816340253,	'GPH000EDE',	NULL),
('2012-02-26 20:00:00',	1.2650972927241877,	'GPH000EDH',	NULL),
('2012-02-26 20:00:00',	0.1819200861357198,	'GPH000EDN',	NULL),
('2012-02-26 20:00:00',	-0.7758677793316615,	'GPH000WDE',	NULL),
('2012-02-26 20:00:00',	1.257143894203712,	'GPH000WDH',	NULL),
('2012-02-26 20:00:00',	0.1822203808457304,	'GPH000WDN',	NULL),
('2012-02-26 20:29:59',	-0.7884699895408288,	'GPH000EDE',	NULL),
('2012-02-26 20:29:59',	1.2659151685393204,	'GPH000EDH',	NULL),
('2012-02-26 20:29:59',	0.179589400275753,	'GPH000EDN',	NULL),
('2012-02-26 20:29:59',	-0.7828973764974918,	'GPH000WDE',	NULL),
('2012-02-26 20:29:59',	1.2584477528089797,	'GPH000WDH',	NULL),
('2012-02-26 20:29:59',	0.1805655593723328,	'GPH000WDN',	NULL),
('2012-02-26 21:00:00',	-0.8043635471129323,	'GPH000EDE',	NULL),
('2012-02-26 21:00:00',	1.272231871838109,	'GPH000EDH',	NULL),
('2012-02-26 21:00:00',	0.183076428478587,	'GPH000EDN',	NULL),
('2012-02-26 21:00:00',	-0.7995654152449401,	'GPH000WDE',	NULL),
('2012-02-26 21:00:00',	1.2658554683118246,	'GPH000WDH',	NULL),
('2012-02-26 21:00:00',	0.1831147480461725,	'GPH000WDN',	NULL),
('2012-02-26 21:30:00',	-0.8017422602626537,	'GPH000EDE',	NULL),
('2012-02-26 21:30:00',	1.274764044943817,	'GPH000EDH',	NULL),
('2012-02-26 21:30:00',	0.1804184546766138,	'GPH000EDN',	NULL),
('2012-02-26 21:30:00',	-0.7966974736525954,	'GPH000WDE',	NULL),
('2012-02-26 21:30:00',	1.2671084269662858,	'GPH000WDH',	NULL),
('2012-02-26 21:30:00',	0.1795276257548617,	'GPH000WDN',	NULL),
('2012-02-26 21:59:59',	-0.7999992531253705,	'GPH000EDE',	NULL),
('2012-02-26 21:59:59',	1.2807840973401297,	'GPH000EDH',	NULL),
('2012-02-26 21:59:59',	0.1804940259554118,	'GPH000EDN',	NULL),
('2012-02-26 21:59:59',	-0.7941988504132812,	'GPH000WDE',	NULL),
('2012-02-26 21:59:59',	1.2739681380871453,	'GPH000WDH',	NULL),
('2012-02-26 21:59:59',	0.1815544002514404,	'GPH000WDN',	NULL),
('2012-02-26 22:30:00',	-0.7966878946656585,	'GPH000EDE',	NULL),
('2012-02-26 22:30:00',	1.2899980281690138,	'GPH000EDH',	NULL),
('2012-02-26 22:30:00',	0.1796427983530116,	'GPH000EDN',	NULL),
('2012-02-26 22:30:00',	-0.7899168946066557,	'GPH000WDE',	NULL),
('2012-02-26 22:30:00',	1.2797131756756734,	'GPH000WDH',	NULL),
('2012-02-26 22:30:00',	0.1793560120135251,	'GPH000WDN',	NULL),
('2012-02-26 23:00:00',	-0.8002241296581624,	'GPH000EDE',	NULL),
('2012-02-26 23:00:00',	1.281969066366708,	'GPH000EDH',	NULL),
('2012-02-26 23:00:00',	0.1788769039802376,	'GPH000EDN',	NULL),
('2012-02-26 23:00:00',	-0.7934067438030781,	'GPH000WDE',	NULL),
('2012-02-26 23:00:00',	1.2752402918069583,	'GPH000WDH',	NULL),
('2012-02-26 23:00:00',	0.1787577418762125,	'GPH000WDN',	NULL),
('2012-02-26 23:29:59',	-0.7995628652058422,	'GPH000EDE',	NULL),
('2012-02-26 23:29:59',	1.273036859876192,	'GPH000EDH',	NULL),
('2012-02-26 23:29:59',	0.1776031512564417,	'GPH000EDN',	NULL),
('2012-02-26 23:29:59',	-0.7926423616066332,	'GPH000WDE',	NULL),
('2012-02-26 23:29:59',	1.2668168539325757,	'GPH000WDH',	NULL),
('2012-02-26 23:29:59',	0.1779558203162907,	'GPH000WDN',	NULL),
('2012-02-27 00:00:00',	-0.7987063081550078,	'GPH000EDE',	NULL),
('2012-02-27 00:00:00',	1.2778237125070713,	'GPH000EDH',	NULL),
('2012-02-27 00:00:00',	0.1790931430929439,	'GPH000EDN',	NULL),
('2012-02-27 00:00:00',	-0.7914876978972479,	'GPH000WDE',	NULL),
('2012-02-27 00:00:00',	1.2721158460667732,	'GPH000WDH',	NULL),
('2012-02-27 00:00:00',	0.180408032453428,	'GPH000WDN',	NULL),
('2012-02-27 00:30:00',	-0.8030056340312923,	'GPH000EDE',	NULL),
('2012-02-27 00:30:00',	1.2789735360360344,	'GPH000EDH',	NULL),
('2012-02-27 00:30:00',	0.1790884751032864,	'GPH000EDN',	NULL),
('2012-02-27 00:30:00',	-0.7943696562849407,	'GPH000WDE',	NULL),
('2012-02-27 00:30:00',	1.27464867754642,	'GPH000WDH',	NULL),
('2012-02-27 00:30:00',	0.1798223586753749,	'GPH000WDN',	NULL);

DROP TABLE IF EXISTS `related`;
CREATE TABLE `related` (
  `sensor_id` varchar(30) NOT NULL,
  `related_id` varchar(30) NOT NULL,
  KEY `sensor_id` (`sensor_id`),
  KEY `related_id` (`related_id`),
  CONSTRAINT `related_ibfk_1` FOREIGN KEY (`sensor_id`) REFERENCES `sensors` (`id`),
  CONSTRAINT `related_ibfk_2` FOREIGN KEY (`related_id`) REFERENCES `sensors` (`id`)
) ENGINE=InnoDB DEFAULT CHARSET=utf8mb4;

INSERT INTO `related` (`sensor_id`, `related_id`) VALUES
('GPH000EDE',	'GPH000EDN'),
('GPH000EDE',	'GPH000EDH'),
('GPH000EDN',	'GPH000EDE'),
('GPH000EDN',	'GPH000EDH'),
('GPH000EDH',	'GPH000EDE'),
('GPH000EDH',	'GPH000EDN'),
('GPH000WDE',	'GPH000WDN'),
('GPH000WDE',	'GPH000WDH'),
('GPH000WDN',	'GPH000WDE'),
('GPH000WDN',	'GPH000WDH'),
('GPH000WDH',	'GPH000WDE'),
('GPH000WDH',	'GPH000WDN');

DROP TABLE IF EXISTS `sensors`;
CREATE TABLE `sensors` (
  `id` varchar(30) NOT NULL,
  `type` varchar(30) NOT NULL,
  `subtype` varchar(30) DEFAULT NULL,
  `location` varchar(30) NOT NULL,
  `unit` varchar(30) DEFAULT NULL,
  PRIMARY KEY (`id`)
) ENGINE=InnoDB DEFAULT CHARSET=utf8mb4;

INSERT INTO `sensors` (`id`, `type`, `subtype`, `location`, `unit`) VALUES
('GPH000EDE',	'GPS',	'Longitude',	'East Antenna',	'degrees'),
('GPH000EDH',	'GPS',	'Height',	'East Antenna',	'metre'),
('GPH000EDN',	'GPS',	'Latitude',	'East Antenna',	'degrees'),
('GPH000WDE',	'GPS',	'Longitude',	'West Antenna',	'degrees'),
('GPH000WDH',	'GPS',	'Height',	'West Antenna',	'metre'),
('GPH000WDN',	'GPS',	'Latitude',	'West Antenna',	'degrees');

DROP TABLE IF EXISTS `users`;
CREATE TABLE `users` (
  `id` int(11) NOT NULL AUTO_INCREMENT,
  `name` varchar(30) NOT NULL,
  `permission` int(11) NOT NULL,
  `password` varchar(30) NOT NULL,
  PRIMARY KEY (`id`)
) ENGINE=InnoDB DEFAULT CHARSET=utf8mb4;

INSERT INTO `users` (`id`, `name`, `permission`, `password`) VALUES
(1,	'Curtis Shields',	2,	'w0WXqgzK$v'),
(2,	'Gregory Riley',	1,	'R#0V%z+F$$'),
(3,	'Michelle Hopkins',	5,	'y^zQ4^KpM$'),
(4,	'Sarah Rodriguez',	3,	'v0%V1A0y#H');

-- 2022-02-08 12:55:08
